<?xml version="1.0" encoding="UTF-8"?>
<ProductActivity xmlns="urn:oasis:names:specification:ubl:schema:xsd:ProductActivity-2"
	xmlns:cac="urn:oasis:names:specification:ubl:schema:xsd:CommonAggregateComponents-2"
	xmlns:cbc="urn:oasis:names:specification:ubl:schema:xsd:CommonBasicComponents-2">
	<cbc:UBLVersionID>2.1</cbc:UBLVersionID>
	<cbc:ProfileID>bpid:urn:oasis:names:draft:bpss:ubl-2-1-cpfr-product-activity-draft</cbc:ProfileID>
	<cbc:ID>PA_758494</cbc:ID>
	<cbc:CopyIndicator>false</cbc:CopyIndicator>
	<cbc:UUID>349ABBAE-DF9D-40B4-849F-94C5FF9D1AF4</cbc:UUID>
	<cbc:IssueDate>2005-01-10</cbc:IssueDate>
	<cbc:IssueTime>12:00:01.000</cbc:IssueTime>
	<cbc:Note>sample Document</cbc:Note>
	<cac:ActivityPeriod>
		<cbc:StartDate>2005-02-26</cbc:StartDate>
		<cbc:EndDate>2005-12-26</cbc:EndDate>
	</cac:ActivityPeriod>
	<cac:SenderParty>
		<cac:PartyIdentification>
			<cbc:ID>6903148000007</cbc:ID>
		</cac:PartyIdentification>
		<cac:PartyName>
			<cbc:Name>Consortial</cbc:Name>
		</cac:PartyName>
		<cac:PostalAddress>
			<cbc:StreetName>Busy Street</cbc:StreetName>
			<cbc:BuildingName>Thereabouts</cbc:BuildingName>
			<cbc:BuildingNumber>56A</cbc:BuildingNumber>
			<cbc:CityName>Farthing</cbc:CityName>
			<cbc:PostalZone>AA99 1BB</cbc:PostalZone>
			<cbc:CountrySubentity>Heremouthshire</cbc:CountrySubentity>
			<cac:AddressLine>
				<cbc:Line>The Roundabout</cbc:Line>
			</cac:AddressLine>
			<cac:Country>
				<cbc:IdentificationCode>GB</cbc:IdentificationCode>
			</cac:Country>
		</cac:PostalAddress>
		<cac:PartyTaxScheme>
			<cbc:RegistrationName>Farthing Purchasing Consortium</cbc:RegistrationName>
			<cbc:CompanyID>175 269 2355</cbc:CompanyID>
			<cbc:ExemptionReason>N/A</cbc:ExemptionReason>
			<cac:TaxScheme>
				<cbc:ID>VAT</cbc:ID>
				<cbc:TaxTypeCode>VAT</cbc:TaxTypeCode>
			</cac:TaxScheme>
		</cac:PartyTaxScheme>
		<cac:Contact>
			<cbc:Name>Mrs Bouquet</cbc:Name>
			<cbc:Telephone>0158 1233714</cbc:Telephone>
			<cbc:Telefax>0158 1233856</cbc:Telefax>
			<cbc:ElectronicMail>bouquet@fpconsortial.co.uk</cbc:ElectronicMail>
		</cac:Contact>
	</cac:SenderParty>
	<cac:ReceiverParty>
		<cac:PartyIdentification>
			<cbc:ID>2203148000007</cbc:ID>
		</cac:PartyIdentification>
		<cac:PartyName>
			<cbc:Name>IYT Corporation</cbc:Name>
		</cac:PartyName>
		<cac:PostalAddress>
			<cbc:StreetName>Avon Way</cbc:StreetName>
			<cbc:BuildingName>Thereabouts</cbc:BuildingName>
			<cbc:BuildingNumber>56A</cbc:BuildingNumber>
			<cbc:CityName>Bridgtow</cbc:CityName>
			<cbc:PostalZone>ZZ99 1ZZ</cbc:PostalZone>
			<cbc:CountrySubentity>Avon</cbc:CountrySubentity>
			<cac:AddressLine>
				<cbc:Line>3rd Floor, Room 5</cbc:Line>
			</cac:AddressLine>
			<cac:Country>
				<cbc:IdentificationCode>GB</cbc:IdentificationCode>
			</cac:Country>
		</cac:PostalAddress>
		<cac:PartyTaxScheme>
			<cbc:RegistrationName>Bridgtow District Council</cbc:RegistrationName>
			<cbc:CompanyID>12356478</cbc:CompanyID>
			<cbc:ExemptionReason>Local Authority</cbc:ExemptionReason>
			<cac:TaxScheme>
				<cbc:ID>UK VAT</cbc:ID>
				<cbc:TaxTypeCode>VAT</cbc:TaxTypeCode>
			</cac:TaxScheme>
		</cac:PartyTaxScheme>
		<cac:Contact>
			<cbc:Name>Mr Fred Churchill</cbc:Name>
			<cbc:Telephone>0127 2653214</cbc:Telephone>
			<cbc:Telefax>0127 2653215</cbc:Telefax>
			<cbc:ElectronicMail>fred@iytcorporation.gov.uk</cbc:ElectronicMail>
		</cac:Contact>
	</cac:ReceiverParty>
	<cac:SupplyChainActivityDataLine>
		<cbc:ID>SCADL_SHIPMENT001</cbc:ID>
		<cbc:SupplyChainActivityTypeCode>SHIPMENTS</cbc:SupplyChainActivityTypeCode>
		<cac:BuyerCustomerParty>
			<cac:Party>
				<cac:PartyIdentification>
					<cbc:ID>2203148000007</cbc:ID>
				</cac:PartyIdentification>
			</cac:Party>
		</cac:BuyerCustomerParty>
		<cac:SellerSupplierParty>
			<cac:Party>
				<cac:PartyIdentification>
					<cbc:ID>6903148000007</cbc:ID>
				</cac:PartyIdentification>
			</cac:Party>
		</cac:SellerSupplierParty>
		<cac:ActivityOriginLocation>
			<cbc:ID>1234567890</cbc:ID>
		</cac:ActivityOriginLocation>
		<cac:SalesItem>
			<cbc:Quantity unitCode="KGM">20</cbc:Quantity>
			<cac:Item>
				<cac:StandardItemIdentification>
					<cbc:ID>06110123456784</cbc:ID>
				</cac:StandardItemIdentification>
			</cac:Item>
		</cac:SalesItem>
	</cac:SupplyChainActivityDataLine>
</ProductActivity>
